{"cameraMode":{"drawMode":0,"name":"Shaded","section":"Shading Mode"},"sceneLighting":true,"audioPlay":false,"sceneViewState":{"m_AlwaysRefresh":false,"showFog":true,"showSkybox":true,"showFlares":true,"showImageEffects":true,"showParticleSystems":true,"showVisualEffectGraphs":true,"m_FxEnabled":false},"in2DMode":false,"pivot":{"x":0.4658837616443634,"y":2.75870943069458,"z":1.2601709365844727},"rotation":{"x":-0.0007154434570111334,"y":0.8025099039077759,"z":-0.5966413021087647,"w":-0.0009626172250136733},"size":3.0365395545959474,"orthographic":false}