{"cameraMode":{"drawMode":0,"name":"Shaded","section":"Shading Mode"},"sceneLighting":true,"audioPlay":false,"sceneViewState":{"m_AlwaysRefresh":false,"showFog":true,"showSkybox":true,"showFlares":true,"showImageEffects":true,"showParticleSystems":true,"showVisualEffectGraphs":true,"m_FxEnabled":false},"in2DMode":false,"pivot":{"x":1.0075440406799317,"y":-3.943122386932373,"z":0.4827995300292969},"rotation":{"x":-0.0007367978687398136,"y":0.7888832688331604,"z":-0.6145457625389099,"w":-0.0009463251335546374},"size":5.960149765014648,"orthographic":false}